model,accuracy,precision_macro,recall_macro,f1_macro
Lexicon Rule-Based (advanced substitute),0.9243243243243243,0.9321212121212121,0.9194117647058824,0.9229166666666666
Logistic Regression,0.9081081081081082,0.9118739515935778,0.9044117647058822,0.9067899588038292
Multinomial Naive Bayes,0.9027027027027028,0.9096969696969696,0.8976470588235295,0.9008928571428572
Linear SVM,0.8864864864864865,0.8868695240350462,0.8844117647058823,0.8854016105719595
